Workbook

Sheet 記録
B2: 日付 | C2: 時間 | D2: 最高血圧 | E2: 最低血圧 | F2: 心拍数 | G2: 時間 | H2: 最高血圧 | I2: 最低血圧 | J2: 心拍数 | K2: 服薬 | L2: メモ | N2: 朝 | O2: 130 | P2: 85 | Q2: 70
B3: 46167 | C3: 0.29722222 | D3: 137 | E3: 97 | F3: 81 | G3: 0.90763889 | H3: 146 | I3: 93 | J3: 95 | K3: ○ | N3: 晩 | O3: 125 | P3: 80 | Q3: 70
B4: 46168 | C4: 0.29722222 | D4: 137 | E4: 97 | F4: 81 | G4: 0.87083333 | H4: 135 | I4: 102 | J4: 90 | K4: ○
B5: 46169 | C5: 0.26875 | D5: 143 | E5: 98 | F5: 80 | G5: 0.88055556 | H5: 127 | I5: 92 | J5: 95 | K5: ○
B6: 46170 | C6: 0.29861111 | D6: 115 | E6: 72 | F6: 81 | G6: 0.91041667 | H6: 115 | I6: 80 | J6: 93 | K6: ○
B7: 46171 | C7: 0.34097222 | D7: 105 | E7: 80 | F7: 84 | G7: 0.89791667 | H7: 114 | I7: 80 | J7: 94 | K7: ○
B8: 46172 | C8: 0.31111111 | D8: 113 | E8: 87 | F8: 80 | G8: 0.9125 | H8: 123 | I8: 89 | J8: 84 | K8: ○
B9: 46173 | C9: 0.42638889 | D9: 112 | E9: 84 | F9: 79 | G9: 0.86666667 | H9: 140 | I9: 91 | J9: 89 | K9: ○
B10: 46174 | C10: 0.28263889 | D10: 132 | E10: 96 | F10: 86 | G10: 0.8125 | H10: 123 | I10: 88 | J10: 90 | K10: ○
B11: 46175 | C11: 0.31458333 | D11: 101 | E11: 78 | F11: 79 | G11: 0.82152778 | H11: 112 | I11: 87 | J11: 83 | K11: ○
B12: 46176 | C12: 0.30555556 | D12: 110 | E12: 83 | F12: 79 | G12: 0.83402778 | H12: 91 | I12: 68 | J12: 105 | K12: ○
B13: 46177 | C13: 0.30277778 | D13: 123 | E13: 93 | F13: 83 | G13: 0.89375 | H13: 120 | I13: 80 | J13: 94 | K13: ○
B14: 46178 | C14: 0.33333333 | D14: 107 | E14: 86 | F14: 73 | G14: 0.92152778 | H14: 111 | I14: 83 | J14: 74 | K14: ○
B15: 46179 | C15: 0.29930556 | D15: 105 | E15: 81 | F15: 66 | G15: 0.92152778 | H15: 111 | I15: 83 | J15: 74 | K15: ○
B16: 46180 | C16: 0.29930556 | D16: 105 | E16: 81 | F16: 66 | G16: 0.79166667 | H16: 139 | I16: 99 | J16: 69 | K16: △ | L16: 薬間違えた
B17: 46181 | C17: 0.28958333 | D17: 130 | E17: 94 | F17: 73 | G17: 0.87638889 | H17: 112 | I17: 79 | J17: 70 | K17: ○
B18: 46182 | C18: 0.29791667 | D18: 120 | E18: 84 | F18: 65 | G18: 0.96527778 | H18: 77 | I18: 55 | J18: 80 | K18: ○ | L18: 夜酒
B19: 46183 | C19: 0.29027778 | D19: 109 | E19: 82 | F19: 73 | G19: 0.85416667 | H19: 117 | I19: 84 | J19: 78 | K19: ○
B20: 46184 | C20: 0.30347222 | D20: 114 | E20: 85 | F20: 77 | G20: 0.85416667 | H20: 117 | I20: 84 | J20: 78 | K20: ○
B21: 46185 | C21: 0.34166667 | D21: 119 | E21: 86 | F21: 68 | G21: 0.78402778 | H21: 126 | I21: 85 | J21: 74 | K21: ○
B22: 46186 | C22: 0.19583333 | D22: 118 | E22: 93 | F22: 70 | G22: 0.92222222 | H22: 116 | I22: 79 | J22: 81 | K22: ○
B23: 46187 | C23: 0.37638889 | D23: 123 | E23: 87 | F23: 67 | G23: 0.61736111 | H23: 117 | I23: 83 | J23: 75 | K23: ○
B24: 46188 | C24: 0.28888889 | D24: 117 | E24: 89 | F24: 72 | G24: 0.87083333 | H24: 130 | I24: 93 | J24: 73 | K24: ○
B25: 46189 | C25: 0.29513889 | D25: 117 | E25: 87 | F25: 63 | K25: ○
B26: 46190
B27: 46191
B28: 46192
B29: 46193
B30: 46194
B31: 46195
B32: 46196
B33: 46197
B34: 46198
B35: 46199
B36: 46200
B37: 46201
... B39: 46203

Sheet グラフ
A1: 日付 | B1: 朝最高 | C1: 朝最低 | D1: 夜最高 | E1: 夜最低
A2: =記録!B3 -> 46167 | B2: =記録!D3 -> 137 | C2: =記録!E3 -> 97 | D2: =記録!H3 -> 146 | E2: =記録!I3 -> 93
A3: =記録!B4 -> 46168 | B3: =記録!D4 -> 137 | C3: =記録!E4 -> 97 | D3: =記録!H4 -> 135 | E3: =記録!I4 -> 102
A4: =記録!B5 -> 46169 | B4: =記録!D5 -> 143 | C4: =記録!E5 -> 98 | D4: =記録!H5 -> 127 | E4: =記録!I5 -> 92
A5: =記録!B6 -> 46170 | B5: =記録!D6 -> 115 | C5: =記録!E6 -> 72 | D5: =記録!H6 -> 115 | E5: =記録!I6 -> 80
A6: =記録!B7 -> 46171 | B6: =記録!D7 -> 105 | C6: =記録!E7 -> 80 | D6: =記録!H7 -> 114 | E6: =記録!I7 -> 80
A7: =記録!B8 -> 46172 | B7: =記録!D8 -> 113 | C7: =記録!E8 -> 87 | D7: =記録!H8 -> 123 | E7: =記録!I8 -> 89
A8: =記録!B9 -> 46173 | B8: =記録!D9 -> 112 | C8: =記録!E9 -> 84 | D8: =記録!H9 -> 140 | E8: =記録!I9 -> 91
A9: =記録!B10 -> 46174 | B9: =記録!D10 -> 132 | C9: =記録!E10 -> 96 | D9: =記録!H10 -> 123 | E9: =記録!I10 -> 88
A10: =記録!B11 -> 46175 | B10: =記録!D11 -> 101 | C10: =記録!E11 -> 78 | D10: =記録!H11 -> 112 | E10: =記録!I11 -> 87
A11: =記録!B12 -> 46176 | B11: =記録!D12 -> 110 | C11: =記録!E12 -> 83 | D11: =記録!H12 -> 91 | E11: =記録!I12 -> 68
A12: =記録!B13 -> 46177 | B12: =記録!D13 -> 123 | C12: =記録!E13 -> 93 | D12: =記録!H13 -> 120 | E12: =記録!I13 -> 80
A13: =記録!B14 -> 46178 | B13: =記録!D14 -> 107 | C13: =記録!E14 -> 86 | D13: =記録!H14 -> 111 | E13: =記録!I14 -> 83
... A17: =記録!B18 -> 46182 | B17: =記録!D18 -> 120 | C17: =記録!E18 -> 84 | D17: =記録!H18 -> 77 | E17: =記録!I18 -> 55
A18: =記録!B19 -> 46183 | B18: 90 | C18: =記録!E19 -> 82 | D18: =記録!H19 -> 117 | E18: =記録!I19 -> 84
A19: =記録!B20 -> 46184 | B19: =記録!D20 -> 114 | C19: =記録!E20 -> 85 | D19: =記録!H20 -> 117 | E19: =記録!I20 -> 84
A20: =記録!B21 -> 46185 | B20: =記録!D21 -> 119 | C20: =記録!E21 -> 86 | D20: =記録!H21 -> 126 | E20: =記録!I21 -> 85
A21: =記録!B22 -> 46186 | B21: =記録!D22 -> 118 | C21: =記録!E22 -> 93 | D21: =記録!H22 -> 116 | E21: =記録!I22 -> 79
A22: =記録!B23 -> 46187 | B22: =記録!D23 -> 123 | C22: =記録!E23 -> 87 | D22: =記録!H23 -> 117 | E22: =記録!I23 -> 83
A23: =記録!B24 -> 46188 | B23: =記録!D24 -> 117 | C23: =記録!E24 -> 89 | D23: =記録!H24 -> 130 | E23: =記録!I24 -> 93
A24: =記録!B25 -> 46189 | B24: =記録!D25 -> 117 | C24: =記録!E25 -> 87 | D24: =記録!H25 -> 0 | E24: =記録!I25 -> 0
A25: =記録!B26 -> 46190 | B25: =記録!D26 -> 0 | C25: =記録!E26 -> 0 | D25: =記録!H26 -> 0 | E25: =記録!I26 -> 0
A26: =記録!B27 -> 46191 | B26: =記録!D27 -> 0 | C26: =記録!E27 -> 0 | D26: =記録!H27 -> 0 | E26: =記録!I27 -> 0
A27: =記録!B28 -> 46192 | B27: =記録!D28 -> 0 | C27: =記録!E28 -> 0 | D27: =記録!H28 -> 0 | E27: =記録!I28 -> 0
A28: =記録!B29 -> 46193 | B28: =記録!D29 -> 0 | C28: =記録!E29 -> 0 | D28: =記録!H29 -> 0 | E28: =記録!I29 -> 0
A29: =記録!B30 -> 46194 | B29: =記録!D30 -> 0 | C29: =記録!E30 -> 0 | D29: =記録!H30 -> 0 | E29: =記録!I30 -> 0
A30: =記録!B31 -> 46195 | B30: =記録!D31 -> 0 | C30: =記録!E31 -> 0 | D30: =記録!H31 -> 0 | E30: =記録!I31 -> 0
... A38: =記録!B39 -> 46203 | B38: =記録!D39 -> 0 | C38: =記録!E39 -> 0 | D38: =記録!H39 -> 0 | E38: =記録!I39 -> 0

Sheet 集計
B2: 項目 | C2: 値
B3: 朝最高血圧平均 | C3: =AVERAGE(記録!D3:D39) -> 117.91304
B4: 朝最低血圧平均 | C4: =AVERAGE(記録!E3:E39) -> 86.956522
B5: 朝心拍数平均 | C5: =AVERAGE(記録!F5:F41) -> 74.47619
B6: 夜最高血圧平均 | C6: =AVERAGE(記録!H6:H42) -> 116.36842
B7: 夜最低血圧平均 | C7: =AVERAGE(記録!I7:I43) -> 82.777778
B8: 夜心拍数平均 | C8: =AVERAGE(記録!J8:J44) -> 80.647059
